{"cameraMode":{"drawMode":0,"name":"Shaded","section":"Shading Mode"},"sceneLighting":false,"audioPlay":false,"sceneViewState":{"m_AlwaysRefresh":false,"showFog":true,"showSkybox":false,"showFlares":true,"showImageEffects":true,"showParticleSystems":true,"showVisualEffectGraphs":true,"m_FxEnabled":true},"in2DMode":false,"pivot":{"x":0.0054149627685546879,"y":20.82199478149414,"z":79.87593841552735},"rotation":{"x":-0.09912600368261337,"y":0.6836905479431152,"z":-0.09454769641160965,"w":-0.7168872952461243},"size":1.7320507764816285,"orthographic":false}