{"cameraMode":{"drawMode":0,"name":"Shaded","section":"Shading Mode"},"sceneLighting":true,"audioPlay":false,"sceneViewState":{"m_AlwaysRefresh":false,"showFog":true,"showSkybox":true,"showFlares":true,"showImageEffects":true,"showParticleSystems":true,"showVisualEffectGraphs":true,"m_FxEnabled":true},"in2DMode":false,"pivot":{"x":0.8481417298316956,"y":3.9572930335998537,"z":0.8782783150672913},"rotation":{"x":0.18046654760837556,"y":-0.7132695913314819,"z":0.19878670573234559,"w":0.6474790573120117},"size":7.200829982757568,"orthographic":false}